,Char_Entropy_Rowwise,Conditional_Char_Entropy_Rowwise
eva,3.8603146365174927,1.954412102905249
cuva,3.898963322927494,2.2549318750442024
